,date,amount,Type,MA,MS
0,01/01/2017,315249,1,0.0,0.0
1,01/02/2017,244834,1,0.0,0.0
2,01/03/2017,304094,0,0.0,0.0
3,01/04/2017,315852,0,0.0,0.0
4,01/05/2017,351104,0,0.0,0.0
5,01/06/2017,370931,1,0.0,0.0
6,01/07/2017,330723,0,318969.5714285714,40024.33035399487
7,01/08/2017,316785,0,319189.0,40004.73884429194
8,01/09/2017,327014,0,330929.0,22985.67010117392
9,01/10/2017,329600,0,334572.71428571426,19827.416285825777
10,01/11/2017,344464,0,338660.14285714284,18207.972168151817
11,01/12/2017,354216,0,339104.71428571426,18596.294915155257
12,01/13/2017,379369,0,340310.14285714284,21107.11547818708
13,01/14/2017,377046,0,346927.71428571426,24576.83893909255
14,01/15/2017,337081,0,349827.14285714284,21422.938752877126
15,01/16/2017,279626,1,343057.4285714286,33765.39545085148
16,01/17/2017,351051,0,346121.85714285716,33310.83738279268
17,01/18/2017,349969,0,346908.28571428574,33330.15164339085
18,01/19/2017,360255,0,347771.0,33627.65779830645
19,01/20/2017,373548,1,346939.4285714286,32777.26794012961
20,01/21/2017,363821,0,345050.14285714284,31090.437353140027
21,01/22/2017,320237,0,342643.85714285716,32432.866850509192
22,01/23/2017,322289,0,348738.5714285714,20389.524302585287
23,01/24/2017,348099,0,348316.85714285716,20364.23757823648
24,01/25/2017,351525,0,348539.14285714284,20393.748065102176
25,01/26/2017,371853,0,350196.0,21918.364286597705
26,01/27/2017,398054,0,353696.85714285716,27512.931543964172
27,01/28/2017,404232,0,359469.85714285716,33565.30476761471
28,01/29/2017,334093,0,361449.28571428574,31190.59404539714
29,01/30/2017,312741,0,360085.28571428574,33324.32692350685
30,01/31/2017,337928,0,358632.28571428574,34145.66929941136
31,02/01/2017,357345,0,359463.71428571426,34014.37213744748
32,02/02/2017,382619,0,361001.71428571426,34899.80854634349
33,02/03/2017,408732,0,362527.14285714284,36961.6909580202
34,02/04/2017,403662,0,362445.71428571426,36854.97374717236
35,02/05/2017,337644,1,362953.0,36421.56364939139
36,02/06/2017,314078,0,363144.0,36116.586923462215
37,02/07/2017,352018,0,365156.85714285716,34847.350853059
38,02/08/2017,360466,0,365602.71428571426,34750.574761262535
39,02/09/2017,215391,0,341713.0,65223.450110626145
40,02/10/2017,386730,0,338569.85714285716,61901.0220228729
41,02/11/2017,409774,0,339443.0,63005.45666051477
42,02/12/2017,357820,0,342325.28571428574,63369.879997556935
43,02/13/2017,346397,0,346942.28571428574,62134.13317094529
44,02/14/2017,373435,0,350001.85714285716,62947.69948517731
45,02/15/2017,375568,0,352159.28571428574,63621.30815933262
46,02/16/2017,398331,0,378293.5714285714,22103.099728749392
47,02/17/2017,388138,1,378494.71428571426,22198.86762663257
48,02/18/2017,363219,1,371844.0,17804.812420616207
49,02/19/2017,331407,1,368070.71428571426,23241.065198725857
50,02/20/2017,286927,1,359575.0,38406.15189002929
51,02/21/2017,318460,0,351721.4285714286,40654.619568822905
52,02/22/2017,340702,0,346740.5714285714,39361.34911668705
53,02/23/2017,364813,0,341952.28571428574,33666.10911938151
54,02/24/2017,385483,0,341573.0,33068.70952526987
55,02/25/2017,410943,0,348390.71428571426,41991.10279854652
56,02/26/2017,353252,0,351511.4285714286,41324.992094603636
57,02/27/2017,331985,0,357948.28571428574,32058.880515463512
58,02/28/2017,350492,0,362524.28571428574,27435.75518500324
59,03/01/2017,371558,0,366932.28571428574,25773.715834251856
60,03/02/2017,404614,0,372618.14285714284,29367.850865805493
61,03/03/2017,432341,1,379312.14285714284,37109.00980188222
62,03/04/2017,443989,0,384033.0,43376.358637703386
63,03/05/2017,355345,0,384332.0,43135.3615726123
64,03/06/2017,334532,0,384695.85714285716,42627.966866164934
65,03/07/2017,360070,0,386064.14285714284,41485.509339320575
66,03/08/2017,370406,0,385899.5714285714,41554.8725215914
67,03/09/2017,393211,0,384270.5714285714,40917.592479100145
68,03/10/2017,416498,0,382007.28571428574,38160.80026115055
69,03/11/2017,439480,0,381363.14285714284,36959.33711720026
70,03/12/2017,364432,0,382661.28571428574,36041.363314550515
71,03/13/2017,364721,0,386974.0,30738.435207407645
72,03/14/2017,105747,0,350642.14285714284,111649.66174217845
73,03/15/2017,320759,0,343549.71428571426,111761.76759774087
74,03/16/2017,349183,0,337260.0,109721.40724580601
75,03/17/2017,355326,0,328521.14285714284,104678.77020585186
76,03/18/2017,406311,0,323782.71428571426,99438.50239337936
77,03/19/2017,331252,0,319042.71428571426,97957.68401834597
78,03/20/2017,308962,0,311077.14285714284,95869.01642941205
79,03/21/2017,329739,0,343076.0,32055.990610180965
80,03/22/2017,376140,0,350987.5714285714,32461.639088094766
81,03/23/2017,372952,0,354383.14285714284,33468.93679433011
82,03/24/2017,372950,0,356900.85714285716,34206.445271949306
83,03/25/2017,385058,0,353864.71428571426,29741.723558632264
84,03/26/2017,335243,0,354434.85714285716,29270.516100839937
85,03/27/2017,310786,0,354695.4285714286,28802.61963697724
86,03/28/2017,361399,0,359218.28571428574,26634.77136322807
87,03/29/2017,358578,0,356709.4285714286,25581.475314878146
88,03/30/2017,381039,0,357864.71428571426,26599.609644468484
89,03/31/2017,418017,0,364302.85714285716,34990.04440993936
90,04/01/2017,393280,0,365477.4285714286,35928.31003937868
91,04/02/2017,344314,0,366773.28571428574,34802.00207705633
92,04/03/2017,329084,0,369387.28571428574,30290.678476578112
93,04/04/2017,363021,0,369619.0,30225.519736364124
94,04/05/2017,378583,0,372476.85714285716,29952.101881885694
95,04/06/2017,394900,0,374457.0,31050.52529883088
96,04/07/2017,418411,0,374513.28571428574,31142.867207512623
97,04/08/2017,401850,0,375737.5714285714,32155.568003365304
98,04/09/2017,347898,0,376249.5714285714,31595.488100134124
99,04/10/2017,309829,0,373498.85714285716,36796.252949761896
100,04/11/2017,337227,1,369814.0,39231.36566575276
101,04/12/2017,350739,0,365836.28571428574,39603.88259465775
102,04/13/2017,368489,0,362063.28571428574,37579.90110291363
103,04/14/2017,362402,0,354062.0,28432.37477477643
104,04/15/2017,349125,0,346529.85714285716,19122.187831840853
105,04/16/2017,314447,0,341751.14285714284,22588.837733333483
106,04/17/2017,304570,0,340999.85714285716,23878.15148085946
107,04/18/2017,350622,0,342913.4285714286,24061.43387842311
108,04/19/2017,379726,0,347054.4285714286,27831.655483502822
109,04/20/2017,389964,0,350122.28571428574,31526.48230041065
110,04/21/2017,414859,0,357616.14285714284,40021.78583150514
111,04/22/2017,390487,0,363525.0,41582.15089835229
112,04/23/2017,351535,0,368823.28571428574,36315.879987108936
113,04/24/2017,335055,0,373178.28571428574,28261.012766201966
114,04/25/2017,374365,0,376570.14285714284,26470.733703649472
115,04/26/2017,370850,0,375302.14285714284,26506.930819621335
116,04/27/2017,378143,0,373613.4285714286,25783.852866068126
117,04/28/2017,393082,1,370502.4285714286,20812.34519747958
118,04/29/2017,401979,1,372144.14285714284,22990.748678751774
119,04/30/2017,346267,0,371391.5714285714,23848.034006022044
120,05/01/2017,328002,0,370384.0,25715.022976203425
121,05/02/2017,357993,0,368045.14285714284,26035.140326288405
122,05/03/2017,372751,0,368316.71428571426,26079.15131999953
123,05/04/2017,384830,0,369272.0,26616.027502240155
124,05/05/2017,398178,0,370000.0,27432.97397901542
125,05/06/2017,408337,0,370908.28571428574,28742.252913984175
126,05/07/2017,348573,0,371237.71428571426,28424.21203665574
127,05/08/2017,330492,0,371593.4285714286,27801.725047540673
128,05/09/2017,355606,0,371252.4285714286,28010.19975447725
129,05/10/2017,366071,0,370298.14285714284,28064.374210189108
130,05/11/2017,375850,0,369015.28571428574,27488.733411553047
131,05/12/2017,386527,0,367350.85714285716,25724.783001537555
132,05/13/2017,410885,0,367714.85714285716,26410.278866561188
133,05/14/2017,328703,0,364876.28571428574,29676.390356164186
134,05/15/2017,335250,0,365556.0,28799.11019458771
135,05/16/2017,361190,1,366353.71428571426,28553.85994755818
136,05/17/2017,378592,1,368142.4285714286,28922.99179348013
137,05/18/2017,379664,1,368687.28571428574,29127.588844680682
138,05/18/2017,379664,1,367706.85714285716,28536.53436344707
139,05/19/2017,398096,1,365879.85714285716,25566.205691815045
140,05/20/2017,406985,0,377063.0,23642.689194195642
141,05/21/2017,349495,0,379098.0,19733.810216647675
142,05/22/2017,332085,0,374940.14285714284,26156.74185513542
143,05/23/2017,346950,0,370419.85714285716,28083.601451313087
144,05/24/2017,362689,0,367994.85714285716,27884.52265701402
145,05/25/2017,370293,0,366656.14285714284,27452.525982312236
146,05/26/2017,336330,1,357832.4285714286,25521.402403062708
147,05/27/2017,299085,0,342418.14285714284,23381.386973606506
148,05/28/2017,268776,0,330886.85714285716,35875.76941534317
149,05/29/2017,233506,1,316804.14285714284,51341.60250527385
150,05/30/2017,319883,0,312937.4285714286,49685.355303339304
151,05/31/2017,352100,0,311424.71428571426,48052.53583219914
152,06/01/2017,705296,0,359282.28571428574,157845.3683437415
153,06/02/2017,756860,0,419358.0,216705.85024944137
154,06/03/2017,804590,0,491573.0,251396.63512532003
155,06/04/2017,703710,0,553706.4285714285,240673.10881903485
156,06/05/2017,659184,0,614517.5714285715,195896.44790029325
157,06/06/2017,733025,0,673537.8571428572,148942.51176480626
158,06/07/2017,731177,0,727691.7142857143,45779.769814166
159,06/08/2017,775462,0,737715.4285714285,47700.161054434364
160,06/09/2017,787685,0,742119.0,51066.191607885376
161,06/10/2017,840737,0,747282.8571428572,59557.7614461467
162,06/11/2017,716171,1,749063.0,58209.29637380321
163,06/12/2017,680803,0,752151.4285714285,52984.83639639087
164,06/13/2017,729715,1,751678.5714285715,53198.316432812426
165,06/14/2017,749083,0,754236.5714285715,52473.77795895432
166,06/15/2017,760519,0,752101.8571428572,51765.553692999194
167,06/16/2017,788408,0,752205.1428571428,51849.03819882084
168,06/17/2017,817696,0,748913.5714285715,45653.14541137672
169,06/18/2017,689835,0,745151.2857142857,49706.43180620279
170,06/19/2017,706760,0,748859.4285714285,44835.46374934661
171,06/20/2017,695795,0,744013.7142857143,48898.31398495611
172,06/21/2017,729742,0,741250.7142857143,49110.10699002145
173,06/22/2017,736880,0,737873.7142857143,48371.51892286086
174,06/23/2017,810917,0,741089.2857142857,52833.15139100343
175,06/24/2017,823210,0,741877.0,54189.376111312245
176,06/25/2017,646834,0,735734.0,62821.94128646396
177,06/26/2017,627945,0,724474.7142857143,74801.01724289151
178,06/27/2017,699061,0,724941.2857142857,74602.23424204323
179,06/28/2017,691536,0,719483.2857142857,75583.61598414052
180,06/29/2017,699307,0,714115.7142857143,75476.33084553522
181,06/30/2017,729502,0,702485.0,63376.380163800735
182,07/01/2017,680260,0,682063.5714285715,34398.58321141017
183,07/02/2017,579350,0,672423.0,51247.67619447014
184,07/03/2017,517824,0,656691.4285714285,77403.84123943059
185,07/04/2017,515499,1,630468.2857142857,90622.54740168893
186,07/05/2017,589649,0,615913.0,87300.85007986231
187,07/06/2017,627868,0,605707.4285714285,79778.7748712169
188,07/07/2017,732952,0,606200.2857142857,80676.62012155706
189,07/08/2017,721850,0,612141.7142857143,88218.68030206542
190,07/09/2017,654981,0,622946.1428571428,88164.59178042768
191,07/10/2017,624159,0,638136.8571428572,75247.89361709377
192,07/11/2017,678100,0,661365.5714285715,52841.696878055736
193,07/12/2017,724371,0,680611.5714285715,46524.236289117725
194,07/13/2017,759753,1,699452.2857142857,48276.46279404391
195,07/14/2017,779745,0,706137.0,56266.61596660383
196,07/15/2017,770906,0,713145.0,61373.084461621096
197,07/16/2017,703300,0,720047.7142857143,56243.92390209546
198,07/17/2017,648699,0,723553.4285714285,49649.164359725044
199,07/18/2017,696605,0,726197.0,47260.83909891229
200,07/19/2017,740157,0,728452.1428571428,47535.0206213917
201,07/20/2017,771135,1,730078.1428571428,48957.540476173155
202,07/21/2017,785362,0,730880.5714285715,49943.37716807228
203,07/22/2017,799475,0,734961.8571428572,54700.10357220054
204,07/23/2017,679417,0,731550.0,57668.42081821392
205,07/24/2017,659302,1,733064.7142857143,55216.70240278784
206,07/25/2017,658337,0,727597.8571428572,61017.78452885245
207,07/26/2017,691997,0,720717.8571428572,62071.690182745944
208,07/27/2017,736453,0,715763.2857142857,58667.48150015791
209,07/28/2017,764216,0,712742.4285714285,54910.60274014169
210,07/29/2017,764368,0,707727.1428571428,46650.53555043928
211,07/30/2017,696571,0,710177.7142857143,45347.90152334913
212,07/31/2017,630827,0,706109.8571428572,51528.24202457133
213,08/01/2017,663533,0,706852.1428571428,50757.009901518024
214,08/02/2017,715826,0,710256.2857142857,50392.42973474657
215,08/03/2017,736489,0,710261.4285714285,50395.55060008429
216,08/04/2017,757102,0,709245.1428571428,49183.301059839396
217,08/05/2017,739054,0,705628.8571428572,45226.24338968249
218,08/06/2017,659294,0,700303.5714285715,48543.523566853444
219,08/07/2017,675124,0,706631.7142857143,40136.311858108864
220,08/08/2017,645783,0,704096.0,43714.22176286883
221,08/09/2017,681135,0,699140.1428571428,44127.259312993054
222,08/10/2017,717257,0,696392.7142857143,41959.77224959684
223,08/11/2017,732963,0,692944.2857142857,36815.444520446
224,08/12/2017,730507,0,691723.2857142857,35134.68750733436
225,08/13/2017,647998,0,690109.5714285715,37078.0508291045
226,08/14/2017,595220,0,678694.7142857143,51826.73343206224
227,08/15/2017,663854,0,681276.2857142857,50342.95064095903
228,08/16/2017,677174,0,680710.4285714285,50367.0585166435
229,08/17/2017,702594,0,678615.7142857143,48876.66028114071
230,08/18/2017,769121,0,683781.1428571428,56839.503916520356
231,08/19/2017,757779,0,687677.1428571428,61333.1077761117
232,08/20/2017,678714,0,692065.1428571428,59078.5104766767
233,08/21/2017,614694,0,694847.1428571428,53998.08296729431
234,08/22/2017,679566,0,697091.7142857143,52808.505472490295
235,08/23/2017,687364,0,698547.4285714285,52306.004842837974
236,08/24/2017,693820,0,697294.0,52298.000462094875
237,08/25/2017,717429,0,689909.4285714285,43349.47547493886
238,08/26/2017,745918,0,688215.0,40384.91028837312
239,08/27/2017,678293,0,688154.8571428572,40401.727761851995
240,08/28/2017,585366,0,683965.1428571428,49732.573693131984
241,08/29/2017,694741,0,686133.0,49839.48020729429
242,08/30/2017,651597,0,681023.4285714285,51498.07216086503
243,08/31/2017,686053,0,679913.8571428572,51259.52744751754
244,09/01/2017,702842,0,677830.0,49754.650523007535
245,09/02/2017,743799,0,677527.2857142857,49275.48960931837
246,09/03/2017,634393,0,671255.8571428572,51886.26637312425
247,09/04/2017,581894,1,670759.8571428572,52851.77333646877
248,09/04/2017,581894,1,654638.8571428572,60913.46120365737
249,09/05/2017,665221,0,656585.1428571428,61017.6356895513
250,09/06/2017,771476,0,668788.4285714285,74864.34884254985
251,09/07/2017,768899,0,678225.1428571428,83533.57021267641
252,09/08/2017,838517,0,691756.2857142857,101635.82869853545
253,09/09/2017,881016,0,726988.1428571428,119595.67763291505
254,09/10/2017,779623,1,755235.1428571428,101613.33859526581
255,09/10/2017,779623,1,783482.1428571428,66975.10506257384
256,09/11/2017,687352,0,786643.7142857143,60689.54592490683
257,09/12/2017,731266,0,780899.4285714285,64167.722755439856
258,09/13/2017,761396,0,779827.5714285715,64463.570019189865
259,09/14/2017,802961,0,774748.1428571428,60337.127164591926
260,09/15/2017,832831,0,767864.5714285715,47596.37491398194
261,09/16/2017,882746,0,782596.4285714285,64720.91124424673
262,09/17/2017,769234,0,781112.2857142857,64919.27368333211
263,09/18/2017,636060,0,773784.8571428572,78698.16656150769
264,09/19/2017,680683,0,766558.7142857143,85298.48682462885
265,09/20/2017,675011,0,754218.0,92144.15237007695
266,09/21/2017,677218,0,736254.7142857143,93307.40539691759
267,09/22/2017,771490,0,727491.7142857143,85259.062690747
268,09/23/2017,878490,0,726883.7142857143,83972.86072836108
269,09/24/2017,759818,1,725538.5714285715,83253.73129147034
270,09/25/2017,677716,0,731489.4285714285,77049.5482700516
271,09/26/2017,693798,0,733363.0,75756.82152563312
272,09/27/2017,755295,0,744832.1428571428,71402.43238253731
273,09/28/2017,776765,1,759053.1428571428,65348.069679290995
274,09/29/2017,816291,1,765453.2857142857,68868.21392997428
275,09/30/2017,870499,0,764311.7142857143,66714.77392030973
276,10/01/2017,741278,0,761663.1428571428,67288.45909819505
277,10/02/2017,647025,0,757278.7142857143,74304.1484636269
278,10/03/2017,690186,0,756762.7142857143,74829.14573149093
279,10/04/2017,725286,0,752475.7142857143,75780.81010324915
280,10/05/2017,783072,0,753376.7142857143,76154.30363350917
281,10/06/2017,832326,0,755667.4285714285,78565.17308972847
282,10/07/2017,895349,1,759217.4285714285,84922.85973724817
283,10/08/2017,785647,0,765555.8571428572,85016.49060315378
284,10/09/2017,658042,1,767129.7142857143,82521.8640173906
285,10/10/2017,719422,0,771306.2857142857,78626.47225694009
286,10/11/2017,743484,0,773906.0,77138.01064974349
287,10/12/2017,796963,0,775890.4285714285,77590.46345794685
288,10/13/2017,841192,0,777157.0,78729.25356773855
289,10/14/2017,915888,0,780091.1428571428,84069.86116801586
290,10/15/2017,786681,0,780238.8571428572,84082.15751360568
291,10/16/2017,719947,0,789082.4285714285,71384.44056155127
292,10/17/2017,734842,0,791285.2857142857,69077.14389413736
293,10/18/2017,754997,0,792930.0,67875.93095739654
294,10/19/2017,784796,0,791191.8571428572,67911.21765812667
295,10/20/2017,848713,0,792266.2857142857,68886.6069656361
296,10/21/2017,900937,0,790130.4285714285,64507.429049830986
297,10/22/2017,774383,0,788373.5714285715,64783.90686957407
298,10/23/2017,691611,0,784325.5714285715,70412.8574429816
299,10/24/2017,758665,0,787728.8571428572,68162.29110103907
300,10/25/2017,767815,0,789560.0,67303.17379093845
301,10/26/2017,837472,0,797085.1428571428,69587.80165715911
302,10/27/2017,896212,0,803870.7142857143,77344.6433756384
303,10/28/2017,983509,0,815666.7142857143,98121.68781112909
304,10/29/2017,940329,0,839373.2857142857,106199.12383931421
305,10/30/2017,726386,0,844341.1428571428,98682.31844903162
306,10/31/2017,730345,0,840295.4285714285,103254.8177646881
307,11/01/2017,778023,0,841753.7142857143,102126.47469635218
308,11/02/2017,798844,0,836235.4285714285,103431.66114695708
309,11/03/2017,888916,0,835193.1428571428,102761.13089332996
310,11/04/2017,957173,1,831430.8571428572,96731.16409828546
311,11/05/2017,786334,1,809431.5714285715,84585.90273573353
312,11/06/2017,725491,0,809303.7142857143,84732.9017318815
313,11/07/2017,838023,0,824686.2857142857,77472.513512243
314,11/08/2017,791907,0,826669.7142857143,76246.77426556924
315,11/09/2017,829046,0,830984.2857142857,75257.88019362492
316,11/10/2017,968842,1,842402.2857142857,90109.71274639595
317,11/11/2017,954675,0,842045.4285714285,89582.8444083219
318,11/12/2017,825589,0,847653.2857142857,86696.24214215585
319,11/13/2017,755524,0,851943.7142857143,80138.169436114
320,11/14/2017,775099,0,842954.5714285715,85321.40040821496
321,11/15/2017,808537,0,845330.2857142857,83882.51183592832
322,11/16/2017,865993,0,850608.4285714285,83849.48122251921
323,11/17/2017,930443,0,845122.8571428572,75683.72120526372
324,11/18/2017,1002620,0,851972.1428571428,88358.59035096367
325,11/19/2017,843713,0,854561.2857142857,87719.87661625679
326,11/20/2017,742832,0,852748.1428571428,90204.11801100183
327,11/21/2017,753219,0,849622.4285714285,93656.25775472206
328,11/22/2017,800983,0,848543.2857142857,94250.19666241897
329,11/23/2017,631175,1,814997.8571428572,124073.90679541005
330,11/24/2017,620404,0,770706.5714285715,131131.72028010234
331,11/25/2017,719383,0,730244.1428571428,82222.24165116665
332,11/26/2017,701331,0,709903.8571428572,65355.030233406906
333,11/27/2017,700177,0,703810.2857142857,63741.806962971925
334,11/28/2017,733673,0,701018.0,61609.10426498141
335,11/29/2017,761047,0,695312.8571428572,51892.082570236234
336,11/30/2017,835578,0,724513.2857142857,65509.18482857766
337,12/01/2017,911695,0,766126.2857142857,79399.28441053302
338,12/02/2017,976444,0,802849.2857142857,108346.69143497036
339,12/03/2017,832676,0,821612.8571428572,98786.97833457652
340,12/04/2017,744178,0,827898.7142857143,90853.46097923101
341,12/05/2017,834843,0,842351.5714285715,80863.72337222
342,12/06/2017,840681,0,853727.8571428572,72709.54646497747
343,12/07/2017,881971,0,860355.4285714285,72893.59112856835
344,12/08/2017,959496,0,867184.1428571428,80361.20094388025
345,12/09/2017,1063505,0,879621.4285714285,103496.29279811044
346,12/10/2017,850835,0,882215.5714285715,102344.6578183356
347,12/11/2017,779542,0,887267.5714285715,95004.74209191979
348,12/12/2017,817703,0,884819.0,96785.27049952636
349,12/13/2017,910611,0,894809.0,95063.83384687614
350,12/14/2017,929067,0,901537.0,95668.46351332187
351,12/15/2017,1006540,0,908257.5714285715,101869.97532125041
352,12/16/2017,1039047,0,904763.5714285715,95902.38572607134
353,12/17/2017,880746,0,909036.5714285715,93741.08735031205
354,12/18/2017,764999,0,906959.0,97187.201299004
355,12/19/2017,795896,1,903843.7142857143,100807.18722345424
356,12/20/2017,849271,0,895080.8571428572,102767.86568674727
357,12/21/2017,863561,0,885722.8571428572,102137.85100446033
358,12/22/2017,840234,0,861964.8571428572,87668.12401975249
359,12/23/2017,767871,0,823225.4285714285,46734.293557147175
360,12/24/2017,653998,0,790832.8571428572,71982.54513289634
361,12/25/2017,503031,1,753408.8571428572,131305.9729479566
362,12/26/2017,596174,0,724877.1428571428,141813.71768559466
363,12/27/2017,686011,0,701554.2857142857,130955.36062047302
364,12/28/2017,775071,1,688912.8571428572,116143.39602610319
365,12/29/2017,821125,1,686183.0,112149.84637082681
366,12/30/2017,779361,0,687824.4285714285,113619.15813491037
367,12/31/2017,877745,1,719788.2857142857,132432.15722866604
368,01/01/2018,821037,1,765217.7142857143,94912.59837470514
369,01/01/2018,821037,1,797341.0,59675.63001203496
370,01/02/2018,675436,0,795830.2857142857,63004.721020767305
371,01/03/2018,732992,0,789819.0,67184.22749177537
372,01/04/2018,416989,0,732085.2857142857,153716.29356785218
373,01/05/2018,847368,1,741800.5714285715,159251.68605371934
374,01/06/2018,947976,1,751833.5714285715,171021.14349289986
375,01/07/2018,800356,1,748879.1428571428,169800.6675197211
376,01/08/2018,735986,0,736729.0,166793.13291519732
377,01/09/2018,751040,1,747529.5714285715,164596.02141592727
378,01/10/2018,761771,0,751640.8571428572,164531.79034706188
379,01/11/2018,794593,0,805584.2857142857,72924.64934600679
380,01/12/2018,908785,0,814358.1428571428,81928.49683194977
381,01/13/2018,968918,0,817349.8571428572,87793.35279588542
382,01/14/2018,899453,1,831506.5714285715,92461.95951283054
383,01/15/2018,712213,1,828110.4285714285,96885.95000971838
384,01/16/2018,772683,0,831202.2857142857,94328.1114597942
385,01/17/2018,812279,0,838417.7142857143,89962.68310567085
386,01/18/2018,859996,0,847761.0,88028.06751826327
387,01/19/2018,907012,0,847507.7142857143,87825.53479809471
388,01/20/2018,903211,0,838121.0,75305.56984933623
389,01/21/2018,770678,0,819724.5714285715,73534.02504704193
390,01/22/2018,705525,0,818769.1428571428,75188.5754341008
391,01/23/2018,760502,0,817029.0,76561.3718398511
392,01/24/2018,810717,0,816805.8571428572,76579.79742601485
393,01/25/2018,874589,0,818890.5714285715,78134.36414889625
394,01/26/2018,946891,0,824587.5714285715,86623.13590463182
395,01/27/2018,950550,0,831350.2857142857,95206.92884749174
396,01/28/2018,807639,0,836630.4285714285,92260.58679966744
397,01/29/2018,720081,0,838709.8571428572,88916.59293672981
398,01/30/2018,794484,0,843564.4285714285,84765.80724926155
399,01/31/2018,835913,0,847163.8571428572,83666.35331766348
400,02/01/2018,842487,0,842577.8571428572,82787.74750816757
401,02/02/2018,1000880,0,850290.5714285715,95642.39101440471
402,02/03/2018,1008016,0,858500.0,107423.14813546113
403,02/04/2018,903449,0,872187.1428571428,105956.43967755207
404,02/05/2018,782846,0,881153.5714285715,92775.16359252036
405,02/06/2018,796951,0,881506.0,92394.96275952061
406,02/07/2018,903006,0,891090.7142857143,90334.04302497456
407,02/08/2018,900632,0,899397.1428571428,87756.45634069349
408,02/09/2018,965586,0,894355.1428571428,81763.29244110329
409,02/10/2018,1036309,0,898397.0,88721.63095134421
410,02/11/2018,860571,0,892271.5714285715,89788.45901869705
411,02/12/2018,773472,0,890932.4285714285,91741.15180015404
412,02/13/2018,835282,0,896408.2857142857,86171.53416821947
413,02/14/2018,887320,0,894167.4285714285,86175.32208982785
414,02/15/2018,875482,0,890574.5714285715,86384.9051471701
415,02/16/2018,934463,0,886128.4285714285,82598.64149983892
416,02/17/2018,999853,0,880920.4285714285,72023.63585392588
417,02/18/2018,826588,1,876065.7142857143,74718.76217460133
418,02/19/2018,720296,1,868469.1428571428,88347.9285937673
419,02/20/2018,726740,1,852963.1428571428,103388.30539351513
420,02/21/2018,788516,0,838848.2857142857,104652.82795783078
421,02/22/2018,905276,0,843104.5714285715,106971.24755723978
422,02/23/2018,956425,0,846242.0,110365.55899826673
423,02/24/2018,997788,0,845947.0,109888.26241384122
424,02/25/2018,867012,0,851721.8571428572,109763.4591723315
425,02/26/2018,760727,0,857497.7142857143,102519.8242922053
426,02/27/2018,799203,0,867849.5714285715,90011.5302629924
427,02/28/2018,835754,1,874597.8571428572,84685.68170087984
428,03/01/2018,920378,0,876755.2857142857,85782.7485137385
429,03/02/2018,1062000,0,891837.4285714285,108419.03524421153
430,03/03/2018,992767,1,891120.1428571428,107614.88166207647
431,03/04/2018,891543,1,894624.5714285715,107097.14099025042
432,03/04/2018,891543,1,913312.5714285715,89865.67076263831
433,03/05/2018,802596,1,913797.2857142857,89153.94266046018
434,03/06/2018,848004,1,915547.2857142857,87471.05945342506
435,03/07/2018,764880,0,893333.2857142857,104187.47530567818
436,03/08/2018,919861,1,873027.7142857143,75827.90335515006
437,03/09/2018,994068,0,873213.5714285715,76171.12093362941
438,03/10/2018,1044626,0,895082.5714285715,100424.69697548967
439,03/11/2018,857164,1,890171.2857142857,101461.9493352293
440,03/12/2018,812342,0,891563.5714285715,100117.8978402576
441,03/13/2018,858561,0,893071.7142857143,99429.51674547137
442,03/14/2018,909803,0,913775.0,81816.67600597408
443,03/15/2018,955878,0,918920.2857142857,83380.76945897835
444,03/16/2018,1003229,0,920229.0,84816.37764802974
445,03/17/2018,1034840,0,918831.0,82472.51500550471
446,03/18/2018,872019,0,920953.1428571428,80795.33238462926
447,03/19/2018,774881,0,915601.5714285715,89914.33864120662
448,03/20/2018,870757,0,917343.8571428572,88735.27074098584
449,03/21/2018,612136,0,874820.0,145877.0670758997
450,03/22/2018,895262,0,866160.5714285715,142011.31895598644
451,03/23/2018,952694,0,858941.2857142857,134993.05032446902
452,03/24/2018,985803,0,851936.0,125265.55823795515
453,03/25/2018,875538,0,852438.7142857143,125366.60835819865
454,03/26/2018,789314,0,854500.5714285715,123989.57662623197
455,03/27/2018,827904,0,848378.7142857143,124111.01003364407
456,03/28/2018,863454,0,884281.2857142857,68086.87907057632
457,03/29/2018,915901,0,887229.7142857143,69081.25196393458
458,03/30/2018,925039,0,883279.0,65406.458162273164
459,03/31/2018,931100,0,875464.2857142857,53254.44858636651
460,04/01/2018,812916,0,866518.2857142857,58264.17419167594
461,04/02/2018,760202,0,862359.4285714285,65306.79162194575
462,04/03/2018,852172,0,865826.2857142857,63799.602461441384
463,04/04/2018,853135,0,864352.1428571428,63982.504065377536
464,04/05/2018,914558,0,864160.2857142857,63803.9323676158
465,04/06/2018,960974,0,869293.8571428572,70601.99860822676
466,04/07/2018,1014257,0,881173.4285714285,87668.21660453067
467,04/08/2018,881303,0,890943.0,82449.1012362568
468,04/09/2018,804459,0,897265.4285714285,71756.05342839654
469,04/10/2018,839209,0,895413.5714285715,73265.17271268048
470,04/11/2018,869438,0,897742.5714285715,71944.4186133914
471,04/12/2018,903272,0,896130.2857142857,71630.55202847884
472,04/13/2018,971572,1,897644.2857142857,73321.56970431424
473,04/14/2018,1082803,1,907436.5714285715,93336.59324340888
474,04/15/2018,957773,0,918360.8571428572,94238.81913066769
475,04/16/2018,855160,0,925603.8571428572,85575.71513661277
476,04/17/2018,868977,0,929856.4285714285,81194.37294717874
477,04/18/2018,872230,0,930255.2857142857,80854.25400004999
478,04/19/2018,971614,0,940018.4285714285,81178.48151831172
479,04/20/2018,1010381,0,945562.5714285715,84931.12515220128
480,04/21/2018,1026469,0,937514.8571428572,71341.11849751181
481,04/22/2018,880269,1,926442.8571428572,73649.96339765571
482,04/23/2018,790891,0,917261.5714285715,86841.70546816135
483,04/24/2018,837442,0,912756.5714285715,90504.68663897405
484,04/25/2018,918779,0,919406.4285714285,88723.2704121015
485,04/26/2018,915708,0,911419.8571428572,85705.37018652543
486,04/27/2018,997383,0,909563.0,83311.34534383561
487,04/28/2018,1043804,1,912039.4285714285,87517.0325648226
488,04/29/2018,906300,0,915758.1428571428,86489.07926327671
489,04/30/2018,842832,0,923178.2857142857,75523.91927664107
490,05/01/2018,829771,0,922082.4285714285,77016.20859026289
491,05/02/2018,883778,1,917082.2857142857,78390.35327707484
492,05/03/2018,955801,0,922809.8571428572,79726.51124819998
493,05/04/2018,976286,0,919796.0,76782.00792937432
494,05/05/2018,1056462,0,921604.2857142857,80259.56086497066
495,05/06/2018,869862,0,916398.8571428572,82566.08487029866
496,05/07/2018,795173,0,909590.4285714285,91161.11497207687
497,05/08/2018,838606,0,910852.5714285715,89924.58895069922
498,05/09/2018,869190,0,908768.5714285715,90821.1853366395
499,05/10/2018,941475,0,906722.0,89739.6866739191
500,05/11/2018,958250,0,904145.4285714285,87643.95951016185
501,05/12/2018,1046735,0,902755.8571428572,84859.40668625194
502,05/13/2018,913949,0,909054.0,83638.43594504369
503,05/14/2018,810039,0,911177.7142857143,80390.5516125575
504,05/15/2018,885753,1,917913.0,75097.7791482534
505,05/16/2018,946283,0,928926.2857142857,72364.74456233002
506,05/17/2018,944516,0,929360.7142857143,72461.69723542182
507,05/18/2018,970255,0,931075.7142857143,73395.4455869341
508,05/19/2018,1064306,0,933585.8571428572,78156.34068631945
509,05/20/2018,855671,0,925260.4285714285,83516.87555589521
510,05/21/2018,777642,0,920632.2857142857,91483.78355700316
511,05/22/2018,857652,0,916617.8571428572,93855.24162494086
512,05/23/2018,853872,0,903416.2857142857,95472.41290326367
513,05/24/2018,891949,0,895906.7142857143,93752.72995085496
514,05/25/2018,891327,0,884631.2857142857,87883.26102224813
515,05/26/2018,867888,0,856571.5714285715,38355.15417279513
516,05/27/2018,767151,0,843925.8571428572,51157.495454162854
517,05/28/2018,650793,1,825804.5714285715,87854.63359598938
518,05/29/2018,788535,0,815930.7142857143,87562.29280672851
519,05/30/2018,845423,0,814723.7142857143,87008.6073725157
520,05/31/2018,934033,0,820735.7142857143,94375.966606465
521,06/01/2018,983118,0,833848.7142857143,110771.6571371242
522,06/02/2018,1030487,0,857077.1428571428,133761.71807163677
523,06/03/2018,890960,0,874764.1428571428,127948.3687435784
524,06/04/2018,787385,0,894277.2857142857,94013.66296929728
525,06/05/2018,783607,0,893573.2857142857,94951.23730054611
526,06/06/2018,844179,0,893395.5714285715,95057.48187256086
527,06/07/2018,883928,0,886237.7142857143,93358.7516299603
528,06/08/2018,919278,0,877117.7142857143,85067.41341962038
529,06/09/2018,958719,0,866865.1428571428,65599.3069562682
530,06/10/2018,833826,0,858703.1428571428,65656.06033319412
531,06/11/2018,793388,0,859560.7142857143,64599.98959678398
532,06/12/2018,820467,0,864826.4285714285,58600.63920259079
533,06/13/2018,892884,0,871784.2857142857,58631.95668095972
534,06/14/2018,925892,0,877779.1428571428,62121.983265261
535,06/15/2018,887755,0,873275.8571428572,59707.97034296203
536,06/16/2018,946564,0,871539.4285714285,56920.654229833155
537,06/17/2018,842095,0,872720.7142857143,56087.23695492529
538,06/18/2018,836035,0,878813.1428571428,47726.664753322475
539,06/19/2018,866742,0,885423.8571428572,41033.596947818696
540,06/20/2018,891898,0,885283.0,41005.4028553943
541,06/21/2018,930294,0,885911.8571428572,41758.81022981102
542,06/22/2018,969067,0,897527.8571428572,52328.529195930714
543,06/23/2018,960959,0,899584.2857142857,54801.17713977148
544,06/24/2018,850218,0,900744.7142857143,53450.28862944782
545,06/25/2018,798974,0,895450.2857142857,62068.93274608435
546,06/26/2018,823902,0,889330.2857142857,67265.79764068766
547,06/27/2018,857050,0,884352.0,68325.2827558475
548,06/28/2018,929493,0,884237.5714285715,68236.1297770633
549,06/29/2018,923855,0,877778.7142857143,60578.471543703316
550,06/30/2018,990610,0,882014.5714285715,67952.00388474372
551,07/01/2018,868776,1,884665.7142857143,66857.9176331266
552,07/02/2018,788976,0,883237.4285714285,69064.05049386325
553,07/03/2018,828019,0,883825.5714285715,68489.6814730917
554,07/04/2018,700682,1,861487.2857142857,97874.63263398713
555,07/05/2018,756646,0,836794.8571428572,99645.67902728834
556,07/06/2018,790416,0,817732.1428571428,92739.2298121065
557,07/07/2018,824956,1,794067.2857142857,54541.4839876151
558,07/08/2018,765867,0,779366.0,43874.081882129976
559,07/09/2018,768985,0,776510.1428571428,43794.84746492487
560,07/10/2018,831297,0,776978.4285714285,44450.036178675495
561,07/11/2018,860485,0,799807.4285714285,39494.501874128764
562,07/12/2018,880516,0,817503.1428571428,44380.72127785558
563,07/13/2018,931476,0,837654.5714285715,59485.89310320187
564,07/14/2018,978207,0,859547.5714285715,79025.3505609786
565,07/15/2018,861627,0,873227.5714285715,67562.70414426558
566,07/16/2018,830449,0,882008.1428571428,54485.65159877143
567,07/17/2018,899773,0,891790.4285714285,49810.03199442418
568,07/18/2018,870903,0,893278.7142857143,48865.43696286031
569,07/19/2018,872221,0,892093.7142857143,49324.93699510699
570,07/20/2018,932183,0,892194.7142857143,49419.651036518604
571,07/21/2018,1026124,0,899040.0,64374.87368790079
572,07/22/2018,858804,0,898636.7142857143,64656.54236737849
573,07/23/2018,807666,0,895382.0,69082.9997756311
574,07/24/2018,842903,0,887257.7142857143,71772.21094015385
575,07/25/2018,905510,0,892201.5714285715,71649.70198788148
576,07/26/2018,905319,0,896929.8571428572,71202.0899352168
577,07/27/2018,990709,0,905290.7142857143,79036.74429806646
578,07/28/2018,963597,0,896358.2857142857,65474.24907476685
579,07/29/2018,862603,0,896901.0,65125.89976089783
580,07/30/2018,780480,0,893017.2857142857,71802.59776803303
581,07/31/2018,812592,0,888687.1428571428,76113.08720894218
582,08/01/2018,877894,0,884742.0,75810.89039181538
583,08/02/2018,899651,0,883932.2857142857,75584.41473327206
584,08/03/2018,932836,0,875664.7142857143,64277.860236408575
585,08/04/2018,960435,0,875213.0,63564.070102533915
586,08/05/2018,866552,0,875777.1428571428,63450.92469625143
587,08/06/2018,805192,0,879307.4285714285,57691.12526162259
588,08/07/2018,868615,0,887310.7142857143,50306.73769888693
589,08/08/2018,888214,0,888785.0,50135.70573287249
590,08/09/2018,898183,0,888575.2857142857,50085.72405291364
591,08/10/2018,933364,0,888650.7142857143,50163.82626858334
592,08/11/2018,942629,1,886107.0,46212.97630175442
593,08/12/2018,824836,0,880147.5714285715,51537.961681517416
594,08/13/2018,811874,0,881102.1428571428,49955.86950308609
595,08/14/2018,824910,0,874858.5714285715,54317.41016118945
596,08/15/2018,857940,0,870533.7142857143,54282.019953553056
597,08/16/2018,889122,0,869239.2857142857,53616.75529382518
598,08/17/2018,953459,0,872110.0,57982.5160112929
599,08/18/2018,959852,0,874570.4285714285,61718.69816583588
600,08/19/2018,820017,0,873882.0,62389.14417588879
601,08/20/2018,743488,0,864112.5714285715,77291.5938677608
602,08/21/2018,757974,0,854550.2857142857,86537.50292737012
603,08/22/2018,817403,0,848759.2857142857,87622.40712609566
604,08/23/2018,840851,0,841863.4285714285,85796.89168972774
605,08/24/2018,892605,0,833170.0,75009.71642393954
606,08/25/2018,932172,0,829215.7142857143,67580.02367493359
607,08/26/2018,841629,0,832303.1428571428,67583.41193278137
608,08/27/2018,773309,0,836563.2857142857,61739.02464058898
609,08/28/2018,840966,1,848419.2857142857,51201.233535641084
610,08/28/2018,840966,1,851785.4285714285,49570.86334685135
611,08/29/2018,876333,1,856854.2857142857,50077.92478299455
612,08/30/2018,874352,0,854246.7142857143,48351.58000766806
613,08/31/2018,904648,0,850314.7142857143,41607.22456382533
614,09/01/2018,880878,0,855921.7142857143,42867.179507224326
615,09/02/2018,823654,0,863113.8571428572,28518.493604607276
616,09/03/2018,737965,1,848399.4285714285,55581.67395181204
617,09/04/2018,843984,0,848830.5714285715,55526.08071245026
618,09/05/2018,894204,0,851383.5714285715,57381.20135798432
619,09/06/2018,964927,0,864322.8571428572,71819.44870397355
620,09/07/2018,987049,0,876094.4285714285,85062.52505237282
621,09/08/2018,1038723,0,898643.7142857143,105102.86762296865
622,09/09/2018,952035,0,916983.8571428572,100955.70229631763
623,09/10/2018,846673,0,932513.5714285715,73439.29941989902
624,09/11/2018,802760,0,926624.4285714285,82780.54768655241
625,09/12/2018,919899,0,930295.1428571428,81665.51970166308
626,09/13/2018,929612,0,925250.1428571428,80248.03178152961
627,09/14/2018,988264,0,925423.7142857143,80405.13684608688
628,09/15/2018,1036469,0,925101.7142857143,79878.57215322492
629,09/16/2018,917875,1,920221.7142857143,78997.51098972227
630,09/17/2018,831171,0,918007.1428571428,81578.10828775931
631,09/18/2018,863937,0,926746.7142857143,69566.44564901931
632,09/19/2018,801342,0,909810.0,84368.66252742498
633,09/20/2018,911262,0,907188.5714285715,83934.80921297733
634,09/21/2018,984085,0,906591.5714285715,83274.2996885528
635,09/22/2018,1037592,0,906752.0,83566.77928858167
636,09/23/2018,880760,0,901449.8571428572,83920.11430209115
637,09/24/2018,747576,0,889507.7142857143,99996.04677638317
638,09/25/2018,851831,0,887778.2857142857,100614.77122622012
639,09/26/2018,840511,0,893373.8571428572,95989.39612170384
640,09/27/2018,875622,0,888282.4285714285,95827.5093329271
641,09/28/2018,989092,0,888997.7142857143,96676.71628803879
642,09/29/2018,1050401,0,890827.5714285715,100021.3686216712
643,09/30/2018,908556,0,894798.4285714285,100106.78658788439
644,10/01/2018,787323,0,900476.5714285715,91085.16843565824
645,10/02/2018,838495,0,898571.4285714285,92402.16812545886
646,10/03/2018,884686,0,904882.1428571428,89230.0211091688
647,10/04/2018,944818,0,914767.2857142857,89281.0957812717
648,10/05/2018,974288,0,912652.4285714285,87382.23342849637
649,10/06/2018,1055425,0,913370.1428571428,88712.70177644258
650,10/07/2018,915757,0,914398.8571428572,88689.32111858811
651,10/08/2018,762753,1,910888.8571428572,94830.30976684639
652,10/09/2018,843473,0,911600.0,94213.59869643651
653,10/10/2018,885323,0,911691.0,94183.57291481274
654,10/11/2018,967482,0,914928.7142857143,95886.33065373784
655,10/12/2018,1006698,0,919558.7142857143,99927.5980709931
656,10/13/2018,1090902,1,924626.8571428572,108499.01735258267
657,10/14/2018,926626,0,926179.5714285715,108428.67575332134
658,10/15/2018,831487,0,935998.7142857143,93206.04077653946
659,10/16/2018,875109,0,940518.1428571428,88626.34021822199
660,10/17/2018,904600,0,943272.0,86908.27748264167
661,10/18/2018,963903,0,942760.7142857143,86752.4988491471
662,10/19/2018,1007165,0,942827.4285714285,86810.02313261732
663,10/20/2018,1078524,0,941059.1428571428,83348.13900227587
664,10/21/2018,978873,0,948523.0,84175.49295568853
665,10/22/2018,845748,0,950560.2857142857,80982.8204862278
666,10/23/2018,860448,0,948465.8571428572,83412.55339861038
667,10/24/2018,904627,0,948469.7142857143,83410.18748273258
668,10/25/2018,958864,0,947749.8571428572,83276.43100227116
669,10/26/2018,1047787,0,953553.0,89304.0865470323
670,10/27/2018,1231799,0,975449.4285714285,133102.86111983296
671,10/28/2018,994477,0,977678.5714285715,133300.27126611135
672,10/29/2018,830924,0,975560.8571428572,135839.1263461158
673,10/30/2018,855776,0,974893.4285714285,136508.81129907162
674,10/31/2018,896823,0,973778.5714285715,137208.39008706989
675,11/01/2018,974336,1,975988.8571428572,137052.61921786107
676,11/02/2018,1028176,0,973187.2857142857,135532.34887621694
677,11/03/2018,1097991,0,954071.8571428572,96912.55217880373
678,11/04/2018,895721,0,939963.8571428572,97237.89893079767
679,11/05/2018,890999,0,948546.0,88245.44226946321
680,11/06/2018,914218,0,956894.8571428572,80423.63174968756
681,11/07/2018,884270,0,955101.5714285715,82108.66174539004
682,11/08/2018,935817,0,949598.8571428572,81895.22412088116
683,11/09/2018,1057792,0,953829.7142857143,87222.9462540559
684,11/10/2018,1143609,0,960346.5714285715,100485.0479073987
685,11/11/2018,959828,0,969504.7142857143,96453.93761396121
686,11/12/2018,816136,1,958810.0,109831.95454723774
687,11/13/2018,910459,0,958273.0,110095.18880798787
688,11/14/2018,939521,0,966166.0,105802.33216081059
689,11/15/2018,824653,0,950285.4285714285,118676.25462416178
690,11/16/2018,1036991,0,947313.8571428572,115760.31417607112
691,11/17/2018,1126309,0,944842.4285714285,110956.01558854547
692,11/18/2018,957107,0,944453.7142857143,110899.51836492015
693,11/19/2018,824850,0,945698.5714285715,109255.80383341448
694,11/20/2018,880778,0,941458.4285714285,111406.15299263717
695,11/21/2018,906110,0,936685.4285714285,112215.76880999783
696,11/22/2018,798211,1,932908.0,116960.31532675162
697,11/22/2018,798211,1,898796.5714285715,116363.78028529994
698,11/23/2018,774983,0,848607.1428571428,67303.07113702949
699,11/24/2018,904421,0,841080.5714285715,54961.566895594544
700,11/25/2018,798801,0,837359.2857142857,57084.49578392219
701,11/26/2018,885289,0,838003.7142857143,57678.71314073587
702,11/27/2018,879349,0,834180.7142857143,53118.83358945893
703,11/28/2018,903506,0,849222.8571428572,56062.4285251961
704,11/29/2018,949110,0,870779.8571428572,61887.367247358176
705,11/30/2018,1054124,0,910657.1428571428,77767.7405471534
706,12/01/2018,1154167,0,946335.1428571428,120162.84234242029
707,12/02/2018,996170,0,974530.7142857143,101478.16679745083
708,12/03/2018,847119,0,969077.8571428572,107895.34731307626
709,12/04/2018,901233,0,972204.1428571428,105144.08925442591
710,12/05/2018,940980,0,977557.5714285715,101969.41936491976
711,12/06/2018,985560,0,982764.7142857143,101202.39547512987
712,12/07/2018,1086441,0,987381.4285714285,105640.09285124125
713,12/08/2018,1170001,0,989643.4285714285,109890.58181490746
714,12/09/2018,974943,0,986611.0,109973.31262174394
715,12/10/2018,874463,0,990517.2857142857,104544.34409811266
716,12/11/2018,916227,0,992659.2857142857,102544.59601024612
717,12/12/2018,953694,0,994475.5714285715,101584.79027206224
718,12/13/2018,1011240,0,998144.1428571428,101672.81464322709
719,12/14/2018,1108935,1,1001357.5714285715,105222.1171361747
720,12/15/2018,1163445,0,1000421.0,103485.70911483296
721,12/16/2018,1106673,0,1019239.5714285715,109861.3827752297
722,12/17/2018,870731,0,1018706.4285714285,110687.0144564643
723,12/18/2018,943739,0,1022636.7142857143,106864.12171649527
724,12/19/2018,948736,0,1021928.4285714285,107412.2503098174
725,12/20/2018,1007940,0,1021457.0,107474.2038925302
726,12/21/2018,1033298,0,1010651.7142857143,100809.02441037337
727,12/22/2018,942148,0,979037.8571428572,76730.77976802633
728,12/23/2018,781875,0,932638.1428571428,84496.15723693813
729,12/24/2018,734927,0,913237.5714285715,112145.8351119302
730,12/25/2018,581576,1,861500.0,166228.6360879693
731,12/26/2018,643679,0,817920.4285714285,179040.67124432625
732,12/27/2018,719433,0,776705.1428571428,160226.30317920976
733,12/28/2018,841416,0,749293.4285714285,120500.75761706055
734,12/29/2018,843033,0,735134.1428571428,97735.54406735922
735,12/30/2018,789091,0,736165.0,98346.84835316207
736,12/31/2018,964079,0,768901.0,130686.8740960616
